Topic,Count,Name,Representation,Representative_Docs,Representation_Clean,Name_Clean
-1,2091,-1_todo_hoje_dia_nem,"['todo', 'hoje', 'dia', 'nem', 'faz', 'tempo', 'mundo', 'vem', 'jeito', 'amar']","['O jeito é dar uma fugidinha com você O jeito é dar uma fugida com você Se você quer saber o que vai acontecer Primeiro a gente foge, depois a gente vê O jeito é dar uma fugidinha com você O jeito é dar uma fugida com você Se você quer saber o que vai acontecer Primeiro a gente foge, depois a gente vê', 'Todo dia eu quero, todo dia espero Todo dia eu chamo, todo dia eu amo Só você, iê, iê E vai valer a pena mudar essa cena Viver meu roteiro, amo o tempo inteiro Só você', 'Todo dia eu quero, todo dia espero Todo dia eu chamo, todo dia eu amo (eu amo) Só você, iê, iê E vai valer a pena mudar essa cena Viver o meu roteiro, amo o tempo inteiro Só você']","['todo', 'hoje', 'dia', 'nem', 'faz', 'tempo', 'mundo', 'vem', 'jeito', 'amar']",-1_todo_hoje_dia_nem
0,243,0_beijo_boca_corpo_beija,"['beijo', 'boca', 'corpo', 'beija', 'beijar', 'outra', 'apenas', 'encontro', 'todo mundo', 'todo']","['Se quer um beijo apenas me dê um sorriso Nesse beijo vai querer ficar comigo E acreditar no amor', 'Eu namorava um moreno que não me dava problema, só dava beijo na boca Era beijo no mercado, no postinho de saúde e até estendendo roupa Mas de um tempo cá ele tá meio custoso, ridica beijo pra mim Fez um plim-plim no meu Zap os vídeo desse covarde, foi aí que eu descobri', 'Eu namorava uma morena que não me dava problema, só dava beijo na boca Era beijo no mercado, no postinho de saúde e até estendendo roupa Mas de um tempo cá ela tá meio custosa, ridica beijo pra mim Fez um plim-plim no meu Zap os vídeo dessa covarde, foi aí que eu descobri']","['beijo', 'boca', 'corpo', 'beija', 'beijar', 'outra', 'apenas', 'encontro', 'todo mundo', 'todo']",0_beijo_boca_corpo_beija
1,185,1_beber_copo_bebendo_mesa,"['beber', 'copo', 'bebendo', 'mesa', 'cerveja', 'bar', 'tomou', 'bebo', 'parar', 'saudade']","['Em uma cadeira de aço enferrujada e bebendo Cada copo americano enganava o meu sofrimento Achei que eu tivesse esquecido a danada naquela hora Até ver seu nome escrito na lata de Coca-Cola', 'Em uma cadeira de aço enferrujada e bebendo Cada copo americano enganava o meu sofrimento Achei que eu tivesse esquecido a danada naquela hora Até ver o seu nome escrito na lata de Coca-Cola', 'Sentado numa cadeira de aço enferrujada e bebendo Cada copo americano enganava o meu sofrimento Achei que eu tivesse esquecido a danada naquela hora Até ver seu nome escrito na lata de Coca-Cola']","['beber', 'copo', 'bebendo', 'mesa', 'cerveja', 'bar', 'tomou', 'bebo', 'parar', 'saudade']",1_beber_copo_bebendo_mesa
2,182,2_saudade_solidão_dia_sentir,"['saudade', 'solidão', 'dia', 'sentir', 'sinto', 'chove', 'sabe dia', 'bye', 'esquecer', 'sinto saudade']","['Vai sentir saudade Vai sentir saudade Vai sentir saudade O dia que eu for embora', 'Eu sinto saudade Eu fico, eu vivo sentindo a sua saudade, de nós, na voz Saudade da gente, saudade é pra sempre Eu vivo sentindo a sua saudade', 'Eu sinto saudade Eu fico, eu vivo sentindo a sua saudade, de nós, na voz Saudade da gente, saudade é pra sempre']","['saudade', 'solidão', 'dia', 'sentir', 'sinto', 'chove', 'sabe dia', 'bye', 'esquecer', 'sinto saudade']",2_saudade_solidão_dia_sentir
3,158,3_fim_amor amor_amo_acabou,"['fim', 'amor amor', 'amo', 'acabou', 'ie', 'estar', 'amar', 'mim amor', 'sabe', 'sei sei']","['Você deve estar com medo de contar Que seu amor, por mim acabou, sempre fingiu, nada sentiu na hora de amar Tem medo de contar Que seu amor, por mim acabou, sempre fingiu, nada sentiu na hora de amar', 'Você deve estar com medo de contar Que seu amor, por mim acabou, sempre fingiu, nada sentiu na hora de amar', 'Você deve estar com medo de contar Que seu amor, por mim acabou, sempre fingiu, nada sentiu na hora de amar (Insensível)']","['fim', 'amor amor', 'amo', 'acabou', 'ie', 'estar', 'amar', 'mim amor', 'sabe', 'sei sei']",3_fim_amor-amor_amo_acabou
4,150,4_tempo_melhor_cada_lado,"['tempo', 'melhor', 'cada', 'lado', 'coisas', 'nem', 'hora', 'perto', 'mundo', 'vezes']","['E toda vez que eu vou pra deixar ela, eu deixo quieto Mas que às vezes dá vontade, dá De mandar pra longe, eu chego mais perto E toda vez que eu vou pra deixar ela, eu deixo quieto Mas que às vezes dá vontade, dá De mandar pra longe, eu chego mais perto', 'O tempo passa depressa quando estou com você As horas viram minutos, não consigo entender E o que eu mais quero é viver ao seu lado Cada segundo, amor', 'Todo mundo ama um dia, todo mundo chora Um dia a gente chega, no outro vai embora Cada um de nós compõe a sua história Cada ser em si carrega o dom de ser capaz De ser feliz']","['tempo', 'melhor', 'cada', 'lado', 'coisas', 'nem', 'hora', 'perto', 'mundo', 'vezes']",4_tempo_melhor_cada_lado
5,142,5_dúvida_cara_mesmo_cima,"['dúvida', 'cara', 'mesmo', 'cima', 'quase', 'escolheu', 'cadê', 'mesmo sabendo', 'quê', 'coragem']","['Que bom que você enxergou que tava errada Se dependesse de mim, tava perdoada Eu sei que é foda carregar todo esse peso Saudade acumulada muda a gente mesmo É uma pena eu não ser quem você ama Eu virei dono desse chip essa semana', 'Mesmo conhecendo todos os meus erros Mesmo sabendo todos os meus defeitos Por que me escolheu? Mesmo sabendo que, eu fraco sou Mesmo sabendo que, eu falho sou, porque me Escolheu?', 'Mesmo conhecendo todos os meus erros Mesmo sabendo todos os meus defeitos Por que me escolheu? Mesmo sabendo que, eu fraco sou Mesmo sabendo que eu falho sou, porque me Escolheu?']","['dúvida', 'cara', 'mesmo', 'cima', 'quase', 'escolheu', 'cadê', 'mesmo sabendo', 'quê', 'coragem']",5_dúvida_cara_mesmo_cima
6,136,6_mel_céu_lua_estrelas,"['mel', 'céu', 'lua', 'estrelas', 'estrela', 'mar', 'sol', 'amar', 'mundo', 'abelha']","['(Pras cowgirl) que usa bota, fivela e chapéu Que tem o mel (As cowgirl) que só no beijo te leva pro céu Que tem o mel (As cowgirl) que usa bota, fivela e chapéu Que tem o mel (As cowgirl) que só no beijo te leva pro céu Que tem o mel (As cowgirl)', 'Nós, livres pra voar Nesse céu que hoje tá tão lindo Carregado de estrelas E a Lua tá cheia refletindo o seu rosto Dá um gosto de pensar Eu, você e o céu e a noite inteira pra amar', 'E nós, livres pra voar Nesse céu que hoje tá tão lindo Carregado de estrelas E a Lua tá cheia refletindo o seu rosto Dá um gosto de pensar Eu, você e o céu e a noite inteira pra amar']","['mel', 'céu', 'lua', 'estrelas', 'estrela', 'mar', 'sol', 'amar', 'mundo', 'abelha']",6_mel_céu_lua_estrelas
7,106,7_amo_escolhi_amo amo_santo santo,"['amo', 'escolhi', 'amo amo', 'santo santo', 'santo', '24 horas', '24', 'gosta mim', 'dizendo', 'horas']","['Te amo, te amo, te amo Te amo, te amo, te amo', 'Te amo demais Como eu te amo Te amo demais Te amo, te amo', 'Te amo Te amo Te amo Te amo']","['amo', 'escolhi', 'amo amo', 'santo santo', 'santo', '24 horas', '24', 'gosta mim', 'dizendo', 'horas']",7_amo_escolhi_amo-amo_santo-santo
8,102,8_celular_telefone_ligar_ligo,"['celular', 'telefone', 'ligar', 'ligo', 'horas', 'atende', 'número', 'mão', 'mandei', 'tela']","['Oh, baby, me atende Ai que vontade de tacar meu celular na parede, ai que vontade Oh, baby, me atende Ai que vontade de jogar meu celular na parede', 'Seu número de celular é fácil apagar As coisas que me deu eu também posso quebrar Mas dentro do meu coração tem foto sua Tem saudade sua espalhada por todo lugar Seu número de celular é fácil apagar As coisas que me deu eu também posso quebrar Mas dentro do meu coração tem foto sua Tem saudade sua espalhada por todo lugar', 'Oh, baby, me atende Ai que vontade de tacar meu celular na parede Oh, baby, me atende Ai que vontade de tacar meu celular na parede']","['celular', 'telefone', 'ligar', 'ligo', 'horas', 'atende', 'número', 'mão', 'mandei', 'tela']",8_celular_telefone_ligar_ligo
9,99,9_perdoa_erro_culpa_perdoar,"['perdoa', 'erro', 'culpa', 'perdoar', 'errado', 'culpar', 'ser gente', 'troco', 'saber', 'depois tudo']","['Me leva lá que isso não vai ficar assim Ainda tem orgulho aqui dentro de mim Vou falar na cara dela: Depois de tudo que cê fez Eu vou te perdoar', 'Perdoa amor! Perdoa amor! Perdoa e volta pra mim Perdoa amor! Perdoa amor! Não dá mais pra viver assim', 'Perdoa amor! Perdoa amor! Perdoa e volta pra mim Perdoa amor! Perdoa amor! Não dá mais pra viver assim Perdoa amor! Perdoa amor! Perdoa e volta pra mim Perdoa amor! Perdoa amor! Não dá mais pra viver assim']","['perdoa', 'erro', 'culpa', 'perdoar', 'errado', 'culpar', 'ser gente', 'troco', 'saber', 'depois tudo']",9_perdoa_erro_culpa_perdoar
10,93,10_ama_usar_gosto_cama,"['ama', 'usar', 'gosto', 'cama', 'feliz', 'gente usa', 'apegar', 'drama', 'caiu', 'amar']","['Mas eu gosto assim A Mari não me ama, mas eu gosto assim A gente se pega sem se apegar A gente usa a cama só pra se usar Sem amar', 'Mas eu gosto assim Ela não me ama, mas eu gosto assim A gente se pega sem se apegar A gente usa a cama só pra se usar Sem amar', 'Você não tem limite Você não tem hora Liga pra brincar com o meu sentimento Faz propostas que sempre me apavoram Sabe o que é amar e tá perdendo tempo Você me provoca, eu entro no seu jogo Sabe dar as cartas, sabe me ganhar Me coloca sempre em prova de fogo E é tudo que eu preciso pra me entregar']","['ama', 'usar', 'gosto', 'cama', 'feliz', 'gente usa', 'apegar', 'drama', 'caiu', 'amar']",10_ama_usar_gosto_cama
11,88,11_louco_louca_louca saudade_loucura,"['louco', 'louca', 'louca saudade', 'loucura', 'romântico', 'menina', 'locutor', 'loucuras', 'loco', 'completamente']","['Sai pra lá, seu louco', 'Sou um louco romântico', 'É sério Não sei se eu termino ou se eu te interno Seu louco']","['louco', 'louca', 'louca saudade', 'loucura', 'romântico', 'menina', 'locutor', 'loucuras', 'loco', 'completamente']",11_louco_louca_louca-saudade_loucura
12,80,12_perdeu_delícia_doce_fila,"['perdeu', 'delícia', 'doce', 'fila', 'anda', 'deu valor', 'acabou', 'pego', 'leva casa', 'valor']","['Quem tanto te amava e estava sempre ao seu dispor Te valorizava, mas você nunca me deu valor Perdeu, perdeu, perdeu, perdeu Não tem apelação, reclamação Seu caso foi julgado E o seu coração está condenado a viver sem o meu Perdeu, perdeu, perdeu, perdeu', 'Perdeu perdeu, sua chance passou e o amor acabou E eu não sou mais teu, perdeu Pára de chorar e ocupe o lugar que você escolheu Perdeu, perdeu, perdeu, perdeu', 'Sua chance passou e o amor acabou E eu não sou mais teu, perdeu Pára de chorar e ocupe o lugar que você escolheu Perdeu Quem tanto te amava e estava sempre ao seu dispor Te valorizava, mas você nunca me deu valor Perdeu, perdeu, perdeu, perdeu Não tem apelação, reclamação Seu caso foi julgado E o seu coração está condenado a viver sem o meu Perdeu, perdeu, perdeu, perdeu']","['perdeu', 'delícia', 'doce', 'fila', 'anda', 'deu valor', 'acabou', 'pego', 'leva casa', 'valor']",12_perdeu_delícia_doce_fila
13,75,13_esquecer_lembrar_10_esqueci,"['esquecer', 'lembrar', '10', 'esqueci', 'esqueceu', 'tempo', 'tentei', 'há', 'cabeça', 'elo']","['Nosso amor não acabou, e ainda digo mais Vou te fazer lembrar de tudo que me prometeu há 10 anos atrás Amor e muito mais Tô pagando pra ver se você é capaz de me esquecer', 'Nosso amor não acabou, e ainda digo mais Vou te fazer lembrar de tudo que me prometeu há 10, há 10 Há 10 anos atrás Tô pagando pra ver se você é capaz de me esquecer', 'Minha cabeça diz que já se foi Mas meu coração me diz que não Ainda há um elo entre nós dois Tentar te esquecer vai ser em vão O tempo é o remédio pra curar A dor de se perder um grande amor Mas nada é capaz de apagar as lembranças que você deixou']","['esquecer', 'lembrar', '10', 'esqueci', 'esqueceu', 'tempo', 'tentei', 'há', 'cabeça', 'elo']",13_esquecer_lembrar_10_esqueci
14,71,14_balada_mulherada_dançar_mina,"['balada', 'mulherada', 'dançar', 'mina', 'pira', 'arrocha', 'farra', 'whisky', 'meio', 'galera']","['Tô cansado de sair no meio da noite e te satisfazer E um minuto depois de matar minha vontade eu me arrepender Sair de madrugada, do meio da balada Largar a minha vida pra viver você Só pra viver você', 'Cheguei na balada, doidinho pra biritar A galera tá no clima, todo mundo quer dançar O Neymar me chamou, e disse: Faz um tchu tcha tcha Perguntei o que é isso, ele disse: Vou te ensinar É uma dança sensual, em Goiânia já pegou Em Minas explodiu, em Tocantins já bombou No nordeste as mina faz, no verão vai pegar Então faz o tchu tcha tcha, o Brasil inteiro vai cantar', 'Cheguei na balada, doidinho pra biritar A galera tá no clima, todo mundo quer dançar Uma mina me chamou, e disse: Faz um tchu tcha tcha Perguntei o que é isso, ela disse: Eu vou te ensinar É uma dança sensual, em Goiânia já pegou Em Minas explodiu, em Tocantins já bombou No nordeste as mina faz, no verão vai pegar Então faz o tchu tcha tcha, o Brasil inteiro vai cantar']","['balada', 'mulherada', 'dançar', 'mina', 'pira', 'arrocha', 'farra', 'whisky', 'meio', 'galera']",14_balada_mulherada_dançar_mina
15,68,15_ninguém_aceitar_trai_ser ser,"['ninguém', 'aceitar', 'trai', 'ser ser', 'nasci ser', 'tipo gente', 'tudo tudo', 'nasci', 'solteiro', 'segredo']","['Eu não vou aceitar, (faço tudo por você) Eu não vou aceitar, (faço tudo por você) Eu não vou aceitar, (tiro de mim só pra te dar prazer).', 'Eu quero alguém que não tenha alguém Não nasci pra ser segredo de ninguém', 'Eu quero alguém que não tenha alguém Não nasci pra ser segredo de ninguém Eu quero alguém que não tenha alguém Não nasci pra ser segredo de ninguém']","['ninguém', 'aceitar', 'trai', 'ser ser', 'nasci ser', 'tipo gente', 'tudo tudo', 'nasci', 'solteiro', 'segredo']",15_ninguém_aceitar_trai_ser-ser
16,66,16_anjos_ser humano_humano_deus,"['anjos', 'ser humano', 'humano', 'deus', 'senhor', 'homens', 'mundo', 'saber ser', 'céu', 'ouvir']","['E os anjos cantam nosso amor, ôuô, ôuô, ôuô E os anjos cantam nosso amor, ôuô, ôuô, ôuô E os anjos cantam', 'Nós somos mais que amigos Somos anjos que o Senhor enviou Vamos gritar para o mundo ouvir Somos anjos', 'Nós somos mais que amigos Somos anjos que o Senhor enviou Vamos gritar para o mundo ouvir Somos anjos que o senhor enviou']","['anjos', 'ser humano', 'humano', 'deus', 'senhor', 'homens', 'mundo', 'saber ser', 'céu', 'ouvir']",16_anjos_ser-humano_humano_deus
17,63,17_sorte_roupa_inteira_noite,"['sorte', 'roupa', 'inteira', 'noite', 'noite inteira', 'tirar roupa', 'cama', 'boba', 'espelho', 'levantar']","['Você me ganha numa cantada boba Minha maior fraqueza é sua voz no ouvido Pra tirar minha roupa, você sabe a brecha O atalho, o caminho E pra levantar da sua cama é um sacrifício', 'Você me ganha numa cantada boba Minha maior fraqueza é sua voz no ouvido Pra tirar minha roupa, você sabe a brecha O atalho, o caminho E pra levantar da sua cama', 'Sorte de beijar a tua boca Sorte de tirar a tua roupa Sorte de acordar ao lado teu']","['sorte', 'roupa', 'inteira', 'noite', 'noite inteira', 'tirar roupa', 'cama', 'boba', 'espelho', 'levantar']",17_sorte_roupa_inteira_noite
18,57,18_dia_pensei_acordar_espelho,"['dia', 'pensei', 'acordar', 'espelho', 'quis ver', 'nem quis', 'amanhã tudo', 'todo dia', 'quis', 'malas']","['Nunca pensei que um dia fosse ser assim Você chegou sem dizer nada, tomou conta de mim Antes de você chegar só tinha solidão Somente marcas e feridas no meu coração Amor você é tudo que eu preciso Com você eu tô no céu, eu tô no paraíso', 'Que eu não saberia acordar todo dia Olhar do meu lado e não te sentir Não me aceitaria olhando no espelho Sabendo que um dia te deixei partir', 'Eu não saberia acordar todo dia Olhar do meu lado e não te sentir Não me aceitaria olhando no espelho Sabendo que um dia te deixei partir']","['dia', 'pensei', 'acordar', 'espelho', 'quis ver', 'nem quis', 'amanhã tudo', 'todo dia', 'quis', 'malas']",18_dia_pensei_acordar_espelho
19,55,19_caminho_metade_levando vida_destino,"['caminho', 'metade', 'levando vida', 'destino', 'rumo', 'levando', 'seguir', 'ser feliz', 'sorria', 'razão']","['Eu vou curar essa dor E encontrar um novo amor Em um caminho sem rumo Vou levando a vida', 'Eu vou curar essa dor E encontrar um novo amor Em um caminho sem rumo Vou levando a vida! Em um caminho sem rumo Vou levando a vida! Em um caminho sem rumo Vou levando a vida!', 'Eu vou curar essa dor E encontrar um novo amor Em um caminho sem rumo Vou levando a vida Em um caminho sem rumo Vou levando a vida']","['caminho', 'metade', 'levando vida', 'destino', 'rumo', 'levando', 'seguir', 'ser feliz', 'sorria', 'razão']",19_caminho_metade_levando-vida_destino
20,49,20_empina_arrocha_nhec_pac man,"['empina', 'arrocha', 'nhec', 'pac man', 'man', 'arrocho', 'pac', 'arrocha arrocha', 'gata', 'nhec nhec']","['A gata endoidou, deu uma empinadinha em mim A gata endoidou, deu uma empinadinha em mim Empina em mim, empina, empina, empina em mim Empina em mim, empina, empina, empina em mim', 'Eu tô que nem o Pac Man Que nem o Pac Man Nhec nhec nhec Eu tô que nem o Pac Man Que nem o Pac Man Nhec nhec nhec', 'Eu tô que nem o Pac Man Que nem o Pac Man Nhec nhec Eu tô que nem o Pac Man Que nem o Pac Man Nhec nhec nhec']","['empina', 'arrocha', 'nhec', 'pac man', 'man', 'arrocho', 'pac', 'arrocha arrocha', 'gata', 'nhec nhec']",20_empina_arrocha_nhec_pac-man
21,48,21_perfume_cheiro_rosas_come,"['perfume', 'cheiro', 'rosas', 'come', 'identifica', 'cama', 'sentindo', 'canto', 'presença', 'mala']","['Me fala qual é o seu perfume Que ainda hoje eu vou comprar Tô sentindo a minha vida tão sem cheiro E eu já sei qual quero dar', 'Comprei seu perfume pra lembrar do seu cheiro Chorei por você aqui em meu travesseiro Pra sentir sua presença, achei aquele ursinho Jogado no canto do quarto Reli as mensagens aqui em meu celular O último te amo fiz questão de guardar Como aceitar que você se foi? Não dá (ie, ie)', 'Comprei seu perfume pra lembrar do seu cheiro Chorei por você aqui em meu travesseiro Pra sentir sua presença, achei aquele ursinho Jogado no canto do quarto Reli as mensagens aqui em meu celular O último te amo fiz questão de guardar Como aceitar que você se foi? Não dá']","['perfume', 'cheiro', 'rosas', 'come', 'identifica', 'cama', 'sentindo', 'canto', 'presença', 'mala']",21_perfume_cheiro_rosas_come
22,46,22_chuva_procurei_sol_encontrei,"['chuva', 'procurei', 'sol', 'encontrei', 'bússola', 'imensidão', 'procurava', 'lugares', 'às vezes', 'encontrar']","['Estar assim, sentir assim Um turbilhão de sensações dentro de mim Eu amanheço, eu estremeço, eu enlouqueço Eu te cavalgo embaixo do cair Da chuva, eu reconheço Estar assim, sentir assim Eu me aqueço, eu endureço, eu me derreto Eu evaporo e caio em forma de chuva', 'Alta madrugada, eu aqui sem sono Por todos os lugares, escrevo o seu nome Já procurei pro sul, já procure pro norte E não te encontrei O sol já vai surgir mais um dia esta por vir Vejo as flores num jardim, sigo sem você aqui Mas não, não acabou não Tudo que a brisa leva Um dia volta com o vento Sinto uma coisa muito forte É o fim do sofrimento', 'Alta madrugada, eu aqui sem sono Por todos os lugares, escrevo o seu nome Já procurei pro sul, já procurei pro norte E não te encontrei O sol já vai surgindo, mais um dia está por vir Vejo as flores num jardim, sigo sem você aqui Mas não, não acabou não']","['chuva', 'procurei', 'sol', 'encontrei', 'bússola', 'imensidão', 'procurava', 'lugares', 'às vezes', 'encontrar']",22_chuva_procurei_sol_encontrei
23,41,23_cavalo_gado_mato_fazenda,"['cavalo', 'gado', 'mato', 'fazenda', 'velho', 'roça', 'boi', 'tocando', 'caipira', 'burro']","['Tem cavalo e boi pulando e o povo achando bom E o locutor tá gritando: Segura, peão Tem cavalo e boi pulando e o povo achando bom Quem manda nessa cidade é a Tropa do Chapelão', 'Pego meu cavalo e saio pelo pasto Toco meu berrante apartando o gado Sei que sou caipira, mas vivo melhor Morando aqui no mato Morando aqui no mato', 'Pego meu cavalo e saio pelo pasto Toco meu berrante apartando o gado Sei que sou caipira, mas vivo melhor Morando aqui no mato']","['cavalo', 'gado', 'mato', 'fazenda', 'velho', 'roça', 'boi', 'tocando', 'caipira', 'burro']",23_cavalo_gado_mato_fazenda
24,39,24_toda vida_passe_toda_espera,"['toda vida', 'passe', 'toda', 'espera', 'mesmo', 'sofá', 'esperando', 'avião', 'buscar', 'indo']","['Eu te esperarei, nós sentaremos juntos frente ao mar E de mãos dadas vamos caminhar Mesmo que passe toda a minha vida, eu te esperarei E nos teus olhos ainda existe amor E seu olhar me disse ""eu voltarei"" Mesmo que passe toda minha vida, eu te esperarei', 'Nós sentaremos juntos frente ao mar E de mãos dadas vamos caminhar Mesmo que passe toda a minha vida, eu te esperarei E nos teus olhos ainda existe amor E seu olhar me disse eu voltarei Mesmo que passe toda a minha vida, eu te esperarei', 'Eu te esperarei, nós sentaremos juntos frente ao mar E de mãos dadas vamos caminhar Mesmo que passe toda a minha vida, eu te esperarei E nos teus olhos ainda existe amor E seu olhar me disse eu voltarei Mesmo que passe toda a minha vida, eu te esperarei']","['toda vida', 'passe', 'toda', 'espera', 'mesmo', 'sofá', 'esperando', 'avião', 'buscar', 'indo']",24_toda-vida_passe_toda_espera
25,38,25_flor_beija_encher_beija flor,"['flor', 'beija', 'encher', 'beija flor', 'inteira', 'jardim', 'banheira', 'suíte', 'beijo beija', 'dentro banheira']","['Vou te encher de flor, minha flor Vou te encher de beijos de amor Quero ver cê reclamar Quero ver cê não me amar Vou te encher de flor, eu vou', 'E eu, você, dentro de uma banheira Alagando a suíte inteira Eu te beijo, cê me beija Nós se ama a noite inteira Pensa nós dois molhando o lençol de seda Eu, você, dentro de uma banheira Alagando a suíte inteira Eu te beijo, cê me beija Nós se ama a noite inteira Pensa nós dois molhando o lençol de seda', 'Eu, você, dentro de uma banheira Alagando a suíte inteira Eu te beijo, cê me beija Nós se ama a noite inteira Pensa nós dois molhando o lençol de seda Eu, você, dentro de uma banheira Alagando a suíte inteira Eu te beijo, cê me beija Nós se ama a noite inteira Pensa nós dois molhando o lençol de seda']","['flor', 'beija', 'encher', 'beija flor', 'inteira', 'jardim', 'banheira', 'suíte', 'beijo beija', 'dentro banheira']",25_flor_beija_encher_beija-flor
26,36,26_noite dia_mania_peito_porta,"['noite dia', 'mania', 'peito', 'porta', 'dia passa', 'passa', 'noite', 'resisto', 'tudo real', 'amo']","['Iê, iê Passa o dia, passa a noite, tô apaixonado Coração no peito sofre sem você do lado Dessa vez tudo é real, nada de fantasia Saiba que eu te amo, amo noite e dia', 'Iê, iê Passa o dia, passa a noite, tô apaixonado Coração no peito sofre sem você do lado E dessa vez tudo é real, nada de fantasia Saiba que eu te amo, amo noite e dia', 'Passa o dia, passa a noite, tô apaixonado Coração no peito sofre sem você do lado Dessa vez tudo é real, nada de fantasia Saiba que eu te amo, eu amo noite e dia Amo noite e dia']","['noite dia', 'mania', 'peito', 'porta', 'dia passa', 'passa', 'noite', 'resisto', 'tudo real', 'amo']",26_noite-dia_mania_peito_porta
27,35,27_amar precisa_chega perto_desce_quiser amar,"['amar precisa', 'chega perto', 'desce', 'quiser amar', 'amar', 'casar', 'saber', 'bom', 'precisa', 'perto']","['Alguém pra me amar Precisa me aceitar Assim como eu sou Imperfeita, amor Quem quiser me amar Precisa ter o dom Bem mais que seduzir Navegar em mim Navegar em mim Oh, ah, ah Navegar em mim', 'Chega mais perto Vai, quero te encontrar Quero saber onde você está Chega mais perto Vai, quero te ouvir falar Falar de amor pra quem não sabe amar Não quero mais saber de nada Nem mesmo te deixar e fugir na hora errada Entenda a melhor saída É te ter de vez na minha vida', 'Chega mais perto Vai, quero te encontrar Quero saber onde você está Chega mais perto Vai, quero te ouvir falar Falar de amor, pra quem não sabe amar Não quero mais saber de nada Nem mesmo te deixar e fugir na hora errada Entenda a melhor saída É te ter de vez na minha vida']","['amar precisa', 'chega perto', 'desce', 'quiser amar', 'amar', 'casar', 'saber', 'bom', 'precisa', 'perto']",27_amar-precisa_chega-perto_desce_quiser-amar
28,34,28_tchau_tchau tchau_querendo querendo_querendo,"['tchau', 'tchau tchau', 'querendo querendo', 'querendo', 'bate', 'hora chamar', 'chamar', 'brasil', 'vo', 'saiba']","['Tarde demais! Tchau, tchau, amor! Tarde demais! Tchau, tchau, já vou! Não volto atrás', 'Te amo e vê se não fica mal Tchau, tchau, tchau, tchau Tchau Te amo e vê se não fica mal Tchau', 'Tchau, tchau, me cansei de você Tchau, tchau, eu quero te ver sofrer Tchau, tchau, não vou te dar mais moral Bye, bye, sai fora, tchau, tchau']","['tchau', 'tchau tchau', 'querendo querendo', 'querendo', 'bate', 'hora chamar', 'chamar', 'brasil', 'vo', 'saiba']",28_tchau_tchau-tchau_querendo-querendo_querendo
29,33,29_violão_viola_morar comigo_voar,"['violão', 'viola', 'morar comigo', 'voar', 'vem morar', 'moça', 'morar', 'meiga', 'braço', 'vier']","['E se você aceitar o amor de um violeiro O seu coração vai ser meu paradeiro Eu e a viola e uma eterna canção Moça, eu não tenho pressa pra te conquistar O braço da viola vai me consolar Até você abrir de vez seu coração Seu coração', 'E se você aceitar o amor de um violeiro O seu coração vai ser meu paradeiro Eu e a viola e uma eterna canção Moça, eu não tenho pressa pra te conquistar O braço da viola vai me consolar Até você abrir de vez seu coração, é', 'E se você aceitar o amor de um violeiro O seu coração vai ser meu paradeiro Eu e a viola e uma eterna canção Moça, eu não tenho pressa pra te conquistar O braço da viola vai me consolar Até você abrir de vez seu coração']","['violão', 'viola', 'morar comigo', 'voar', 'vem morar', 'moça', 'morar', 'meiga', 'braço', 'vier']",29_violão_viola_morar-comigo_voar
30,33,30_coloca_jesus_deus_cantar,"['coloca', 'jesus', 'deus', 'cantar', 'pé', 'céu', 'chão', 'vamos', 'santo', 'viver']","['Preocupa não Quando cê coloca o pé, Deus coloca o chão Quando cê coloca o pé, Deus coloca o chão Quando cê coloca o pé', 'Preocupa não Quando cê coloca o pé, Deus coloca o chão Quando se coloca o pé, Deus coloca o chão Quando cê coloca o pé, Deus coloca o chão Quando cê coloca o pé, Deus coloca o chão Quando cê coloca o pé, Deus coloca o chão', 'Preocupa não Quando cê coloca o pé, Deus coloca o chão Quando cê coloca o pé, Deus coloca o chão Quando cê coloca o pé, Deus coloca o chão Quando cê coloca o pé, Deus coloca o chão']","['coloca', 'jesus', 'deus', 'cantar', 'pé', 'céu', 'chão', 'vamos', 'santo', 'viver']",30_coloca_jesus_deus_cantar
31,33,31_superou_pena tudo_faz_feito,"['superou', 'pena tudo', 'faz', 'feito', 'tudo faz', 'assunto', 'ex', 'faz faz', 'pena', 'plano']","['Pena que tudo que cê faz, cê faz mal feito', 'Me traiu, levou um tempo, mas eu descobri Você não vale nada, tá claro pra mim Seu plano era bom, era quase perfeito Pena que tudo que cê faz, cê faz mal feito', 'Você me traiu, levou um tempo, mas eu descobri Você não vale nada, tá claro pra mim Seu plano era bom, era quase perfeito Pena que tudo que cê faz, cê faz mal feito']","['superou', 'pena tudo', 'faz', 'feito', 'tudo faz', 'assunto', 'ex', 'faz faz', 'pena', 'plano']",31_superou_pena-tudo_faz_feito
32,32,32_sorriso_vida nesse_sorriso faz_amor sentimento,"['sorriso', 'vida nesse', 'sorriso faz', 'amor sentimento', 'faz todo', 'sorriso lindo', 'nesse amor', 'dançou', 'saiba', 'sentido']","['Me apaixonei Quando vi os seus lindos olhos brilhando Em outra direção olhando E eu não existia pra você Me apavorei (me apavorei) Quando vi o seu sorriso lindo se abrindo Despedindo e indo, chorei sem querer Quando vi o seu sorriso lindo se abrir Despedindo e indo, chorei sem querer', 'Por mais você na minha vida, todo tempo Por mais vida nesse amor, mais sentimento Teu olhar refletido na curva do teu sorriso Você é quem faz todo sentido Por mais você na minha vida, todo tempo Por mais vida nesse amor, mais sentimento Teu olhar refletido na curva do teu sorriso Você é quem faz todo sentido Todo sentido', 'Por mais você na minha vida, todo tempo Por mais vida nesse amor, mais sentimento Teu olhar refletido na curva do teu sorriso Você é quem faz todo sentido Por mais você na minha vida, todo tempo Por mais vida nesse amor, mais sentimento Teu olhar refletido na curva do teu sorriso Você é quem faz todo sentido']","['sorriso', 'vida nesse', 'sorriso faz', 'amor sentimento', 'faz todo', 'sorriso lindo', 'nesse amor', 'dançou', 'saiba', 'sentido']",32_sorriso_vida-nesse_sorriso-faz_amor-sentimento
33,32,33_chorei_choro_ciúmes_voz,"['chorei', 'choro', 'ciúmes', 'voz', 'sozinho', 'chorei bonito', 'chorei voz', 'desapegado', 'controlo', 'bonito nem']","['E até menti, me fiz de desapegado Falei pra todo mundo que você era só passado Por dentro o choro, mas por fora o sorriso estampado', 'E aí eu chorei, chorei tão bonito e eu nem ensaiei E aí eu chorei com a voz engasgada, e nem desafinei E nem cantar eu sei! E nem cantar eu sei', 'E aí eu chorei, chorei tão bonito e eu nem ensaiei E aí eu chorei com a voz engasgada, e nem desafinei']","['chorei', 'choro', 'ciúmes', 'voz', 'sozinho', 'chorei bonito', 'chorei voz', 'desapegado', 'controlo', 'bonito nem']",33_chorei_choro_ciúmes_voz
34,31,34_média_pegador_fama_nem,"['média', 'pegador', 'fama', 'nem', 'essas', 'boa', 'procê', 'boa nem', 'pelo jeito', 'calma']","['Nem bonito demais pra te dar trabalho Nem feio demais pra te passar vergonha Eu tô na média, tô numa média boa Nem rico demais pra andar de iate Nem liso demais pra remar de canoa Eu tô na média, tô numa média boa', 'Nem bonito demais pra te dar trabalho Nem feio Eu tô na média, tô numa média boa Nem rico demais pra andar de iate Nem liso demais pra remar de canoa Eu tô na média, tô numa média boa', 'Eu não sou duas caras, eu não tenho dinheiro Fim de noite acompanhado eu vo pra casa, eu to faceiro Eu não sou herdeiro, mais sou bom no converseiro E mesmo a pé tem muita mulher no meu pé A noite inteira Não tenho dodge ram, nem camaro amarelo Eu pego as gatinhas do xaveco e no chinelo Sou conquistador, na balada um terror Pedro paulo e Alex tem fama de pegador Tem fama de pegador']","['média', 'pegador', 'fama', 'nem', 'essas', 'boa', 'procê', 'boa nem', 'pelo jeito', 'calma']",34_média_pegador_fama_nem
35,30,35_desejo outro_terra_outro amor_momento,"['desejo outro', 'terra', 'outro amor', 'momento', 'paixão', 'penso', 'encantos', 'mesmos', 'serão', 'desejo']","['Tá complicado esquecer teu sorriso O sentimento, a paixão que ficou Serão pra sempre os mesmos encantos Mas, no momento, eu desejo outro amor Nesse momento eu desejo outro amor Nesse momento eu desejo outro amor', 'Tá complicado esquecer teu sorriso O sentimento, a paixão que ficou Serão pra sempre os mesmos encantos Mas, no momento, eu desejo outro amor', 'Tá complicado esquecer teu sorriso O sentimento, a paixão que ficou Serão pra sempre os mesmos encantos Mas no momento eu desejo outro amor Tá complicado esquecer teu sorriso O sentimento, a paixão que ficou Serão pra sempre os mesmos encantos Mas, no momento, eu desejo outro amor']","['desejo outro', 'terra', 'outro amor', 'momento', 'paixão', 'penso', 'encantos', 'mesmos', 'serão', 'desejo']",35_desejo-outro_terra_outro-amor_momento
36,29,36_chorar_sofrer_chorar chorar_tentei,"['chorar', 'sofrer', 'chorar chorar', 'tentei', 'faz sofrer', 'independente', 'parava', 'tudo nessa', 'chore', 'tentando']","['Bem, amiga, então vamos parar por aqui Vou te poupar da despedida e sair Vou levantar, fugir, tentando não chorar Você também engole o choro e tenta disfarçar Vou convencer meu coração que nunca sentiu nada Você é a pessoa certa, mas na hora errada', 'Uhh por que você me faz sofrer? Uhh por que você me faz chorar? Uhh por que você me faz sofrer? Uhh por que você me faz chorar?', 'Pode chorar, mas eu não volto pra você Pode chorar, você não vai me convencer Pode chorar, você se lembra o quanto eu chorei por você?']","['chorar', 'sofrer', 'chorar chorar', 'tentei', 'faz sofrer', 'independente', 'parava', 'tudo nessa', 'chore', 'tentando']",36_chorar_sofrer_chorar-chorar_tentei
37,29,37_defeito_amo_defeitos_mil,"['defeito', 'amo', 'defeitos', 'mil', 'mil vezes', 'mostre', 'segredos', 'sinais', 'conte', 'sei amo']","['Eu não te amo como ontem Amo mil vezes mais Me conte os teus segredos Mostre os teus sinais Se me perguntar qual é o seu defeito Ainda não sei Te amo e nada mais', 'Eu não te amo como ontem Amo mil vezes mais Me conte os teus segredos Mostre os teus sinais E se me perguntar qual é o seu defeito Ainda não sei Te amo e nada mais', 'Eu não te amo como ontem Eu amo mil vezes mais Me conte os teus segredos Mostre os teus sinais E se me perguntar qual é o seu defeito Ainda não sei Te amo e nada mais Te amo e nada mais']","['defeito', 'amo', 'defeitos', 'mil', 'mil vezes', 'mostre', 'segredos', 'sinais', 'conte', 'sei amo']",37_defeito_amo_defeitos_mil
38,27,38_solteiro_namorar_deus livre_queria,"['solteiro', 'namorar', 'deus livre', 'queria', 'dá arrepio', 'imagina gente', 'chamei', 'deus', 'arrepio', 'namorando']","['Folgado! Maldita hora que eu chamei você de namorado Imagina se a gente tivesse casado Deus me livre da latada que eu ia entrar Dá um arrepio', 'Folgado Maldita hora que eu chamei você de namorado Imagina se a gente tivesse casado Deus me livre da latada que eu iria entrar Dá um arrepio só de imaginar', 'Folgado! Maldita hora que eu chamei você de namorado Imagina se a gente tivesse casado Deus me livre da latada que eu iria entrar Dá um arrepio só de imaginar']","['solteiro', 'namorar', 'deus livre', 'queria', 'dá arrepio', 'imagina gente', 'chamei', 'deus', 'arrepio', 'namorando']",38_solteiro_namorar_deus-livre_queria
39,26,39_cuidado_mãos_coração mãos_sabe estou,"['cuidado', 'mãos', 'coração mãos', 'sabe estou', 'cair', 'estou', 'corpo', 'espero esqueça', 'hood paixão', 'hood']","['Cuidado, Muito cuidado, Cuidado, Que meu coração está em suas mãos', 'Cuidado, Cuidado, Que o meu coração está em suas mãos Que meu coração está em suas mãos Que meu coração está em suas mãos', 'Cuidado, cuidado, muito cuidado (oh) Que o meu coração está em suas mãos Está em suas mãos Que o meu coração está em suas mãos']","['cuidado', 'mãos', 'coração mãos', 'sabe estou', 'cair', 'estou', 'corpo', 'espero esqueça', 'hood paixão', 'hood']",39_cuidado_mãos_coração-mãos_sabe-estou
40,26,40_bobeira_durar_beijo_rolar,"['bobeira', 'durar', 'beijo', 'rolar', 'chegando perto', 'fecha olhos', 'refrão', 'larga', 'levar', 'perto mim']","['E vai chegando perto de mim E quando faltar um centímetro Fecha os olhos E deixa rolar, deixa Deixa o beijo durar, deixa E deixa rolar, deixa Deixa o beijo durar', 'E vai chegando perto de mim Quando faltar um centímetro Fecha os olhos E deixa rolar, deixa Deixa o beijo durar, deixa Deixa rolar, deixa Deixa o beijo durar', 'E vai chegando perto de mim E quando faltar um centímetro Fecha os olhos E deixa rolar, deixa Deixa o beijo durar, deixa Deixa rolar, deixa Deixa o beijo durar']","['bobeira', 'durar', 'beijo', 'rolar', 'chegando perto', 'fecha olhos', 'refrão', 'larga', 'levar', 'perto mim']",40_bobeira_durar_beijo_rolar
